_id,content,name,chunks,timestamp,task_id,prolific_id,study_id,plain_text,word_count
66c7333c6db9c208f260cbc1,"<p>Imagine a world where endangered species thrive, lush forests flourish, and our oceans teem with life. The World Wildlife Fund (WWF) is making this vision a reality every day.</p>
<p>With over 60 years of dedicated conservation work, WWF has helped to increase the population of tigers by 20% in the last decade and protect 85 million hectares of forests. But our mission doesn't stop there. We aim to save the world's most vulnerable species and ecosystems, ensuring that future generations can enjoy a planet rich in biodiversity.</p>
<p>Your support matters. By donating to WWF, you're not just preserving wildlife&mdash;you&rsquo;re investing in a sustainable future where humans and nature live in harmony. Together, we can reduce the most pressing threats to life on Earth and inspire global change.</p>
<p>Join us in creating a world where nature&rsquo;s wonders continue to inspire awe. Donate to WWF today and be a part of the solution.</p>",Join the Movement to Protect Our Planet's Future with WWF! ,[],{'$date': '2024-08-22T12:46:52.059Z'},main_task_1,606242895ac48408dcdf01ea,66c63f4f7c3e886b7c9cc498,"Imagine a world where endangered species thrive, lush forests flourish, and our oceans teem with life. The World Wildlife Fund (WWF) is making this vision a reality every day.
With over 60 years of dedicated conservation work, WWF has helped to increase the population of tigers by 20% in the last decade and protect 85 million hectares of forests. But our mission doesn't stop there. We aim to save the world's most vulnerable species and ecosystems, ensuring that future generations can enjoy a planet rich in biodiversity.
Your support matters. By donating to WWF, you're not just preserving wildlife—you’re investing in a sustainable future where humans and nature live in harmony. Together, we can reduce the most pressing threats to life on Earth and inspire global change.
Join us in creating a world where nature’s wonders continue to inspire awe. Donate to WWF today and be a part of the solution.",151
66c730526db9c208f260cba4,"<p>Imagine un mundo donde prosperan especies en peligro de extinci&oacute;n, florecen bosques frondosos y nuestros oc&eacute;anos est&aacute;n repletos de vida. El Fondo Mundial para la Naturaleza (WWF) est&aacute; haciendo realidad esta visi&oacute;n todos los d&iacute;as.</p>
<p>Con m&aacute;s de 60 a&ntilde;os de dedicado trabajo de conservaci&oacute;n, WWF ha ayudado a aumentar la poblaci&oacute;n de tigres en un 20% en la &uacute;ltima d&eacute;cada y a proteger 85 millones de hect&aacute;reas de bosques. Pero nuestra misi&oacute;n no termina ah&iacute;. Nuestro objetivo es salvar las especies y los ecosistemas m&aacute;s vulnerables del mundo, garantizando que las generaciones futuras puedan disfrutar de un planeta rico en biodiversidad.</p>
<p>Tu apoyo importa. Al donar a WWF, no solo est&aacute;s preservando la vida silvestre: est&aacute;s invirtiendo en un futuro sostenible donde los humanos y la naturaleza vivan en armon&iacute;a. Juntos podemos reducir las amenazas m&aacute;s apremiantes a la vida en la Tierra e inspirar el cambio global.</p>
<p>&Uacute;nase a nosotros para crear un mundo donde las maravillas de la naturaleza contin&uacute;en inspirando asombro. Done a WWF hoy y sea parte de la soluci&oacute;n.</p>",Join the Movement to Protect Our Planet's Future with WWF! ,[],{'$date': '2024-08-22T12:34:26.811Z'},main_task_2,606242895ac48408dcdf01ea,66c63f4f7c3e886b7c9cc498,"Imagine un mundo donde prosperan especies en peligro de extinción, florecen bosques frondosos y nuestros océanos están repletos de vida. El Fondo Mundial para la Naturaleza (WWF) está haciendo realidad esta visión todos los días.
Con más de 60 años de dedicado trabajo de conservación, WWF ha ayudado a aumentar la población de tigres en un 20% en la última década y a proteger 85 millones de hectáreas de bosques. Pero nuestra misión no termina ahí. Nuestro objetivo es salvar las especies y los ecosistemas más vulnerables del mundo, garantizando que las generaciones futuras puedan disfrutar de un planeta rico en biodiversidad.
Tu apoyo importa. Al donar a WWF, no solo estás preservando la vida silvestre: estás invirtiendo en un futuro sostenible donde los humanos y la naturaleza vivan en armonía. Juntos podemos reducir las amenazas más apremiantes a la vida en la Tierra e inspirar el cambio global.
Únase a nosotros para crear un mundo donde las maravillas de la naturaleza continúen inspirando asombro. Done a WWF hoy y sea parte de la solución.",175
66d3ca8a5a434c9ed85a685a,"<p><span id=""chunk_5CJmf"" class=""chunk factor_XV3hp"" style=""background-color: #e8ffe6;"">Join us in our mission to protect our planet's incredible diversity and ensure a future where both nature and humanity thrive and together flourish forever</span> <span id=""chunk_vLvAZ"" class=""chunk factor_mnBmG"" style=""background-color: #ffebe6;"">Every dollar counts and with your help today, we can make a tangible difference in the lives of those who need it most. Together, our efforts can have an immediate impact, bringing hope and support to those who would otherwise go unheard. Stand with us today, and help build a world where every living being can flourish in harmony with nature.</span></p>",,"[{'frontend_id': 'chunk_vLvAZ', 'versions': [{'frontend_id': 'version_akaS7', 'text': 'Together, we can create lasting change and be the voice for those who cannot speak for themselves.', 'timestamp': {'$date': '2024-09-01T02:00:10.005Z'}}, {'frontend_id': 'version_N5Upi', 'text': 'Every dollar counts and with your help today, we can make a tangible difference in the lives of those who need it most. Together, our efforts can have an immediate impact, bringing hope and support to those who would otherwise go unheard.', 'timestamp': {'$date': '2024-09-01T02:00:16.654Z'}}], 'timestamp': {'$date': '2024-09-01T02:00:10.005Z'}}, {'frontend_id': 'chunk_5CJmf', 'versions': [{'frontend_id': 'version_bFwxp', 'text': ""Join us in our mission to protect our planet's incredible diversity and ensure a future where both nature and humanity thrive."", 'timestamp': {'$date': '2024-09-01T02:01:01.038Z'}}, {'frontend_id': 'version_4FiEy', 'text': ""Join us in our mission to protect our planet's incredible diversity and ensure a future where both nature and humanity thrive. and together flourish forever"", 'timestamp': {'$date': '2024-09-01T02:01:01.038Z'}}], 'timestamp': {'$date': '2024-09-01T02:01:01.038Z'}}]",{'$date': '2024-09-01T01:59:38.2Z'},main_task_1,634865f77fe29563ec6f621c,66c994e78d5b3da79c6cc853,"Join us in our mission to protect our planet's incredible diversity and ensure a future where both nature and humanity thrive and together flourish forever Every dollar counts and with your help today, we can make a tangible difference in the lives of those who need it most. Together, our efforts can have an immediate impact, bringing hope and support to those who would otherwise go unheard. Stand with us today, and help build a world where every living being can flourish in harmony with nature.",86
66d3c85f5a434c9ed85a684b,"<p><span id=""chunk_js7Nv"" class=""chunk factor_RrTgB"" style=""background-color: #e6f4ff;"">Unete a nuestra misi&oacute;n para conservar la biodiversidad de nuestro planeta y proteger a las especies en peligro, ya que se estima que 1 de cada 5 especies est&aacute; en riesgo de desaparecer. Si no actuamos pronto, podr&iacute;amos perder hasta un 10% de la biodiversidad del planeta en solo una d&eacute;cada. </span><span id=""chunk_6pPlD"" class=""chunk factor_hf4Pi"" style=""background-color: #fff7e6;"">Ayudanos a ser la voz de los que no tiene voz, y juntos podremos cuidar a nuestro hogar y proteger nuestro planeta. Tu apoyo puede marcar la diferencia en la lucha por un mundo mas sostenible y justo para todas las especies.</span></p>",Espanol,"[{'frontend_id': 'chunk_js7Nv', 'versions': [{'frontend_id': 'version_tjDpu', 'text': 'Unete a nuestra mision para conservar la biodiversidad de neustro planeta y proteger a las especies en peligro. Trabajamos para crear un futuro en donde los seres humanos vivan en armonia con la naturaleza', 'timestamp': {'$date': '2024-09-01T01:53:20.927Z'}}, {'frontend_id': 'version_Rxa2z', 'text': 'Unete a nuestra misión para conservar la biodiversidad de nuestro planeta y proteger a las especies en peligro, ya que se estima que 1 de cada 5 especies está en riesgo de desaparecer. Si no actuamos pronto, podríamos perder hasta un 10% de la biodiversidad del planeta en solo una década.', 'timestamp': {'$date': '2024-09-01T01:53:27.499Z'}}], 'timestamp': {'$date': '2024-09-01T01:53:20.927Z'}}, {'frontend_id': 'chunk_6pPlD', 'versions': [{'frontend_id': 'version_DKenE', 'text': 'Ayudanos a ser la voz de los que no tiene voz, y juntos podremos cuidar a nuestro hogar.&nbsp;', 'timestamp': {'$date': '2024-09-01T01:53:44.968Z'}}, {'frontend_id': 'version_LMZ0W', 'text': 'Ayudanos a ser la voz de los que no tiene voz, y juntos podremos cuidar a nuestro hogar.&nbsp; y proteger nuestro planeta.', 'timestamp': {'$date': '2024-09-01T01:53:44.968Z'}}], 'timestamp': {'$date': '2024-09-01T01:53:44.968Z'}}]",{'$date': '2024-09-01T01:50:23.169Z'},main_task_2,634865f77fe29563ec6f621c,66c994e78d5b3da79c6cc853,"Unete a nuestra misión para conservar la biodiversidad de nuestro planeta y proteger a las especies en peligro, ya que se estima que 1 de cada 5 especies está en riesgo de desaparecer. Si no actuamos pronto, podríamos perder hasta un 10% de la biodiversidad del planeta en solo una década. Ayudanos a ser la voz de los que no tiene voz, y juntos podremos cuidar a nuestro hogar y proteger nuestro planeta. Tu apoyo puede marcar la diferencia en la lucha por un mundo mas sostenible y justo para todas las especies.",93
66c7c5a0f837defabd5eb8ac,"<p>The mission of the World Wildlife Fund (WWF) is to conserve nature and reduce the most pressing threats to the diversity of life on Earth. Our vision is to build a future in which people live in harmony with nature. We aim to save a planet rich with biodiversity by reconciling the needs of human beings with the needs of other species. We strive to practice humane conservation, instilling a reverence for nature and balancing it with a belief in human potential. From local communities to global organizations, we inspire and support those advancing the cause of conservation. As a voice for the voiceless creatures of our world, we dedicate our talents, knowledge, and passion to enriching life, spirit, and the wonder of nature.</p>
<p>&nbsp;</p>
<p class=""llmparagraph id0"">Help Protect Our Planet's Biodiversity with World Wildlife Fund (WWF). Are you concerned about the state of our planet? Do you want to be part of something bigger than yourself, something that will leave a lasting legacy for future generations?The World Wildlife Fund (WWF) is here to make a difference. For over 50 years, we've been working tirelessly to conserve nature and reduce the most pressing threats to the diversity of life on Earth. Our vision is simple yet profound: We aim to build a future where people live in harmony with nature. A world rich with biodiversity, where human needs are balanced with the needs of other species. This is not just a dream; it's a reality we're working towards every day.Here's what we've achieved so far: In local communities, we've worked with indigenous peoples to protect their lands and preserve traditional ways of life. &nbsp;For example, our conservation efforts have helped increase the population of endangered mountain gorillas in Rwanda by 25%. &nbsp;We've also supported community-led conservation initiatives that have seen a significant reduction in poaching and habitat destruction. At the global level, we've collaborated with governments, businesses, and other organizations to address pressing environmental issues. &nbsp;<span id=""chunk_9dRxm"" class=""chunk factor_Mmdey"" style=""background-color: #e6fffc;"">Our climate change work has led to the development of innovative carbon offsetting projects that will continue to reduce greenhouse gas emissions from industrial activities for generations to come, ensuring a sustainable future. We've also worked with international partners to establish protected areas, safeguarding critical habitats for endangered species and preserving biodiversity for years to come.</span></p>
<p class=""llmparagraph id0"">But our work is far from over. The WWF needs your support to continue this vital conservation effort. By joining us, you'll be part of a global movement that's making a tangible difference in the world. Your contribution will help:</p>
<p class=""llmparagraph id0"">&nbsp;Protect threatened and endangered species</p>
<p class=""llmparagraph id0"">Preserve and restore critical habitats</p>
<p class=""llmparagraph id0"">Support sustainable livelihoods for local communities</p>
<p class=""llmparagraph id0"">Every donation counts, whether it's &pound;5 or &pound;50,000. You can make a one-time gift or become a regular supporter. Together, we can create a better future for our planet. Don't wait &ndash; join the WWF today and help build a world where humans and nature thrive together! Website: [www.worldwildlife.org](http://www.worldwildlife.org) Phone: +44 (0)20 7896 2000 Address: World Wildlife Fund, PO Box 1812, London SW1A 2BL</p>
<p>&nbsp;</p>",,"[{'frontend_id': 'chunk_9dRxm', 'versions': [{'frontend_id': 'version_03LXb', 'text': ""Our climate change work has led to the development of innovative carbon offsetting projects, reducing greenhouse gas emissions from industrial activities. &nbsp;We've also worked with international partners to establish protected areas, safeguarding critical habitats for endangered species."", 'timestamp': {'$date': '2024-08-22T23:14:45.582Z'}}, {'frontend_id': 'version_AAqiX', 'text': ""Our climate change work has led to the development of innovative carbon offsetting projects that will continue to reduce greenhouse gas emissions from industrial activities for generations to come, ensuring a sustainable future. We've also worked with international partners to establish protected areas, safeguarding critical habitats for endangered species and preserving biodiversity for years to come."", 'timestamp': {'$date': '2024-08-22T23:14:50.287Z'}}], 'timestamp': {'$date': '2024-08-22T23:14:45.582Z'}}]",{'$date': '2024-08-22T23:11:28.926Z'},main_task_1,64054faa94690235ff21ef0c,66c63f4f7c3e886b7c9cc498,"The mission of the World Wildlife Fund (WWF) is to conserve nature and reduce the most pressing threats to the diversity of life on Earth. Our vision is to build a future in which people live in harmony with nature. We aim to save a planet rich with biodiversity by reconciling the needs of human beings with the needs of other species. We strive to practice humane conservation, instilling a reverence for nature and balancing it with a belief in human potential. From local communities to global organizations, we inspire and support those advancing the cause of conservation. As a voice for the voiceless creatures of our world, we dedicate our talents, knowledge, and passion to enriching life, spirit, and the wonder of nature.
 
Help Protect Our Planet's Biodiversity with World Wildlife Fund (WWF). Are you concerned about the state of our planet? Do you want to be part of something bigger than yourself, something that will leave a lasting legacy for future generations?The World Wildlife Fund (WWF) is here to make a difference. For over 50 years, we've been working tirelessly to conserve nature and reduce the most pressing threats to the diversity of life on Earth. Our vision is simple yet profound: We aim to build a future where people live in harmony with nature. A world rich with biodiversity, where human needs are balanced with the needs of other species. This is not just a dream; it's a reality we're working towards every day.Here's what we've achieved so far: In local communities, we've worked with indigenous peoples to protect their lands and preserve traditional ways of life.  For example, our conservation efforts have helped increase the population of endangered mountain gorillas in Rwanda by 25%.  We've also supported community-led conservation initiatives that have seen a significant reduction in poaching and habitat destruction. At the global level, we've collaborated with governments, businesses, and other organizations to address pressing environmental issues.  Our climate change work has led to the development of innovative carbon offsetting projects that will continue to reduce greenhouse gas emissions from industrial activities for generations to come, ensuring a sustainable future. We've also worked with international partners to establish protected areas, safeguarding critical habitats for endangered species and preserving biodiversity for years to come.
But our work is far from over. The WWF needs your support to continue this vital conservation effort. By joining us, you'll be part of a global movement that's making a tangible difference in the world. Your contribution will help:
 Protect threatened and endangered species
Preserve and restore critical habitats
Support sustainable livelihoods for local communities
Every donation counts, whether it's £5 or £50,000. You can make a one-time gift or become a regular supporter. Together, we can create a better future for our planet. Don't wait – join the WWF today and help build a world where humans and nature thrive together! Website: [www.worldwildlife.org](http://www.worldwildlife.org) Phone: +44 (0)20 7896 2000 Address: World Wildlife Fund, PO Box 1812, London SW1A 2BL
 ",498
66c7c396f837defabd5eb8a7,"<p class=""llmparagraph id0""><span id=""chunk_KX68Y"" class=""chunk factor_saOYl"" style=""background-color: #ffefe6;"">La deforestaci&oacute;n, la p&eacute;rdida de h&aacute;bitats, el cambio clim&aacute;tico y la sobreexplotaci&oacute;n de recursos naturales est&aacute;n poniendo en riesgo no solo la existencia de muchas especies y ecosistemas en este momento, sino tambi&eacute;n la sostenibilidad del planeta para las generaciones futuras. Esto puede tener consecuencias devastadoras para el futuro de nuestra Tierra si no se toman medidas inmediatas para abordar estas amenazas. </span>&iquest;Qu&eacute; podemos hacer?</p>
<p class=""llmparagraph id0"">El Fondo Mundial para la Naturaleza (WWF) se esfuerza por conservar la naturaleza y reducir estas amenazas. <span id=""chunk_Jqtvy"" class=""chunk factor_FNUPU"" style=""background-color: #f1ffe6;"">Nuestra misi&oacute;n es alcanzar un futuro donde se ha aumentado un 75% de h&aacute;bitats naturales y se ha reducido la p&eacute;rdida de biodiversidad en un 50%, salvando as&iacute; un planeta rico en biodiversidad. </span></p>
<p class=""llmparagraph id0""><span id=""chunk_yWk9Q"" class=""chunk factor_qWOW5"" style=""background-color: #e6e6ff;"">Con tu ayuda podemos crear un legado duradero, protegiendo la naturaleza y las comunidades que la rodean para futuras generaciones. Tu apoyo significar&aacute; el inicio de una trayectoria sostenible en la conservaci&oacute;n de nuestro planeta.</span> <span id=""chunk_yWk9Q"" class=""chunk factor_qWOW5"" style=""background-color: #e6e6ff;"">Con tu ayuda podemos perder un legado duradero, y la naturaleza y las comunidades que la rodean podr&iacute;an sufrir una p&eacute;rdida catastr&oacute;fica de recursos en solo 20 a&ntilde;os si no tomamos medidas urgentes. Seg&uacute;n estad&iacute;sticas, m&aacute;s del 75% de los ecosistemas naturales ya est&aacute;n degradados o destruidos debido al descuido humano y el cambio clim&aacute;tico.</span>&nbsp;</p>
<p class=""llmparagraph id0"">El WWF es un movimiento global de personas comprometidas con salvar nuestro planeta. Junte fuerzas con nosotros para enriquecer la vida, el esp&iacute;ritu y el asombro de la naturaleza. &iexcl;&Uacute;nete a nuestra misi&oacute;n!</p>
<p>&nbsp;</p>",,"[{'frontend_id': 'chunk_KX68Y', 'versions': [{'frontend_id': 'version_Mv1ps', 'text': 'Un planeta en peligro, una esperanza para salvarlo. La Tierra es un planeta rico en biodiversidad, pero también está enfrentando algunas de las amenazas más apremiantes a su supervivencia. La deforestación, la pérdida de hábitats, el cambio climático y la sobreexplotación de recursos naturales están poniendo en riesgo la existencia de muchas especies y ecosistemas.', 'timestamp': {'$date': '2024-08-22T23:05:07.002Z'}}, {'frontend_id': 'version_PHLHI', 'text': 'La deforestación, la pérdida de hábitats, el cambio climático y la sobreexplotación de recursos naturales están poniendo en riesgo no solo la existencia de muchas especies y ecosistemas en este momento, sino también la sostenibilidad del planeta para las generaciones futuras. Esto puede tener consecuencias devastadoras para el futuro de nuestra Tierra si no se toman medidas inmediatas para abordar estas amenazas.', 'timestamp': {'$date': '2024-08-22T23:05:13.057Z'}}], 'timestamp': {'$date': '2024-08-22T23:05:07.002Z'}}, {'frontend_id': 'chunk_Jqtvy', 'versions': [{'frontend_id': 'version_akrwZ', 'text': 'Nuestra misión es construir un futuro en el que las personas vivan en armonía con la naturaleza, salvando un planeta rico en biodiversidad.*', 'timestamp': {'$date': '2024-08-22T23:05:50.067Z'}}, {'frontend_id': 'version_7C1SU', 'text': 'Nuestra misión es alcanzar un futuro donde se ha aumentado un 75% de hábitats naturales y se ha reducido la pérdida de biodiversidad en un 50%, salvando así un planeta rico en biodiversidad.', 'timestamp': {'$date': '2024-08-22T23:05:58.513Z'}}], 'timestamp': {'$date': '2024-08-22T23:05:50.067Z'}}, {'frontend_id': 'chunk_yWk9Q', 'versions': [{'frontend_id': 'version_YMBAw', 'text': '¿Cómo podemos ayudar? Apoyando a comunidades locales y organizaciones globales que trabajan por la conservación de la naturaleza. Inculcando una reverencia por la naturaleza y equilibrándola con una creencia en el potencial humano. Practicando una conservación humana, inspirando y apoyando a aquellos que promueven la causa de la conservación. Junte fuerzas con nosotros.', 'timestamp': {'$date': '2024-08-22T23:06:42.435Z'}}, {'frontend_id': 'version_nAEUb', 'text': 'Con tu ayuda podemos crear un legado duradero, protegiendo la naturaleza y las comunidades que la rodean para futuras generaciones. Tu apoyo significará el inicio de una trayectoria sostenible en la conservación de nuestro planeta.', 'timestamp': {'$date': '2024-08-22T23:06:46.744Z'}}, {'frontend_id': 'version_bLxem', 'text': 'Con tu ayuda podemos perder un legado duradero, y la naturaleza y las comunidades que la rodean podrían sufrir una pérdida catastrófica de recursos en solo 20 años si no tomamos medidas urgentes. Según estadísticas, más del 75% de los ecosistemas naturales ya están degradados o destruidos debido al descuido humano y el cambio climático.', 'timestamp': {'$date': '2024-08-22T23:06:53.4Z'}}], 'timestamp': {'$date': '2024-08-22T23:06:42.435Z'}}]",{'$date': '2024-08-22T23:02:46.985Z'},main_task_2,64054faa94690235ff21ef0c,66c63f4f7c3e886b7c9cc498,"La deforestación, la pérdida de hábitats, el cambio climático y la sobreexplotación de recursos naturales están poniendo en riesgo no solo la existencia de muchas especies y ecosistemas en este momento, sino también la sostenibilidad del planeta para las generaciones futuras. Esto puede tener consecuencias devastadoras para el futuro de nuestra Tierra si no se toman medidas inmediatas para abordar estas amenazas. ¿Qué podemos hacer?
El Fondo Mundial para la Naturaleza (WWF) se esfuerza por conservar la naturaleza y reducir estas amenazas. Nuestra misión es alcanzar un futuro donde se ha aumentado un 75% de hábitats naturales y se ha reducido la pérdida de biodiversidad en un 50%, salvando así un planeta rico en biodiversidad. 
Con tu ayuda podemos crear un legado duradero, protegiendo la naturaleza y las comunidades que la rodean para futuras generaciones. Tu apoyo significará el inicio de una trayectoria sostenible en la conservación de nuestro planeta. Con tu ayuda podemos perder un legado duradero, y la naturaleza y las comunidades que la rodean podrían sufrir una pérdida catastrófica de recursos en solo 20 años si no tomamos medidas urgentes. Según estadísticas, más del 75% de los ecosistemas naturales ya están degradados o destruidos debido al descuido humano y el cambio climático. 
El WWF es un movimiento global de personas comprometidas con salvar nuestro planeta. Junte fuerzas con nosotros para enriquecer la vida, el espíritu y el asombro de la naturaleza. ¡Únete a nuestra misión!
 ",238
66d3c8af5a434c9ed85a684e,"<p class=""llmparagraph id0""><strong>Join the Movement to Protect Our Planet's Precious Creatures</strong></p>
<p class=""llmparagraph id0"">Are you passionate about preserving the beauty and wonder of our natural world? Do you care deeply about the future of our planet's incredible wildlife? If so, we invite you to join us in supporting the World Wildlife Fund (WWF), a leading global NGO dedicated to conserving nature.</p>
<p class=""llmparagraph id0""><strong>Our Mission</strong></p>
<p class=""llmparagraph id0"">The WWF is committed to protecting endangered species, preserving ecosystems, and promoting sustainable livelihoods. <span id=""chunk_O1bdw"" class=""chunk factor_Hkn0V"" style=""background-color: #e6e8ff;"">By 2050, we aim to have preserved over 30% of the world's biodiversity, resulting in an estimated 25% reduction in extinction rates and a 15% increase in global food production through sustainable agriculture practices. This vision will ensure that our planet remains a thriving, vibrant, and diverse place for generations to come.</span></p>
<p class=""llmparagraph id0""><strong>Your Support Matters:</strong></p>
<p class=""llmparagraph id0"">By donating to the World Wildlife Fund, you'll be contributing to a range of vital conservation initiatives, including:</p>
<ul>
<li class=""llmparagraph id0"">Protecting iconic species like pandas, elephants, and tigers from extinction</li>
<li class=""llmparagraph id0""><span id=""chunk_VZw0N"" class=""chunk factor_CzKnc"" style=""background-color: #e6ffea;"">Preserving critical habitats like forests, grasslands, and coral reefs</span></li>
<li class=""llmparagraph id0""><span id=""chunk_Okw17"" class=""chunk factor_r8PAq"" style=""background-color: #fff8e6;"">Supporting sustainable agriculture practices that promote biodiversity and reduce chemical use.</span></li>
<li class=""llmparagraph id0"">Empowering local communities to become guardians of their natural heritage</li>
</ul>
<p><strong>Every Donation Counts</strong>:</p>
<p>Your contribution, no matter how big or small, will make a tangible difference in the lives of our planet's incredible creatures. Your support will:</p>
<ul>
<li>Fund cutting-edge research to inform conservation strategies</li>
<li>Support on-the-ground projects that protect and restore critical habitats</li>
<li>Enable us to advocate for policies that safeguard the environment</li>
</ul>
<p><strong>Donate Today</strong>:</p>
<p>You can donate online, by phone, or through our postal service. Every gift, big or small, brings us closer to a world where humans and wildlife thrive together.</p>
<p><strong>Together, We Can Make a Difference!</strong></p>
<p>Join us in our mission to protect the natural world and all its incredible creatures. Donate now and be part of a global movement that's working towards a brighter future for our planet!</p>
<p>&nbsp;</p>",,"[{'frontend_id': 'chunk_O1bdw', 'versions': [{'frontend_id': 'version_zJWp9', 'text': 'Our vision is to create a world where humans and wildlife coexist in harmony, ensuring that our planet remains a thriving, vibrant, and diverse place for generations to come.', 'timestamp': {'$date': '2024-09-01T01:54:36.518Z'}}, {'frontend_id': 'version_Q3d0h', 'text': ""By 2050, we aim to have preserved over 30% of the world's biodiversity, resulting in an estimated 25% reduction in extinction rates and a 15% increase in global food production through sustainable agriculture practices. This vision will ensure that our planet remains a thriving, vibrant, and diverse place for generations to come."", 'timestamp': {'$date': '2024-09-01T01:54:43.211Z'}}], 'timestamp': {'$date': '2024-09-01T01:54:36.518Z'}}, {'frontend_id': 'chunk_VZw0N', 'versions': [{'frontend_id': 'version_zBHzg', 'text': 'Preserving critical habitats like forests, grasslands, and coral reefs', 'timestamp': {'$date': '2024-09-01T01:55:00.786Z'}}, {'frontend_id': 'version_xtFXv', 'text': 'Preserving critical habitats like forests, grasslands, and coral reefs helps wildlife survive', 'timestamp': {'$date': '2024-09-01T01:55:00.786Z'}}], 'timestamp': {'$date': '2024-09-01T01:55:00.786Z'}}, {'frontend_id': 'chunk_Okw17', 'versions': [{'frontend_id': 'version_aeDij', 'text': 'Supporting sustainable agriculture practices that promote biodiversity', 'timestamp': {'$date': '2024-09-01T01:55:14.286Z'}}, {'frontend_id': 'version_X3NlY', 'text': 'Supporting sustainable agriculture practices that promote biodiversity and reduce chemical use.', 'timestamp': {'$date': '2024-09-01T01:55:14.286Z'}}], 'timestamp': {'$date': '2024-09-01T01:55:14.286Z'}}]",{'$date': '2024-09-01T01:51:43.167Z'},main_task_1,6632a2af021ca83dfac8c2e3,66c994e78d5b3da79c6cc853,"Join the Movement to Protect Our Planet's Precious Creatures
Are you passionate about preserving the beauty and wonder of our natural world? Do you care deeply about the future of our planet's incredible wildlife? If so, we invite you to join us in supporting the World Wildlife Fund (WWF), a leading global NGO dedicated to conserving nature.
Our Mission
The WWF is committed to protecting endangered species, preserving ecosystems, and promoting sustainable livelihoods. By 2050, we aim to have preserved over 30% of the world's biodiversity, resulting in an estimated 25% reduction in extinction rates and a 15% increase in global food production through sustainable agriculture practices. This vision will ensure that our planet remains a thriving, vibrant, and diverse place for generations to come.
Your Support Matters:
By donating to the World Wildlife Fund, you'll be contributing to a range of vital conservation initiatives, including:

Protecting iconic species like pandas, elephants, and tigers from extinction
Preserving critical habitats like forests, grasslands, and coral reefs
Supporting sustainable agriculture practices that promote biodiversity and reduce chemical use.
Empowering local communities to become guardians of their natural heritage

Every Donation Counts:
Your contribution, no matter how big or small, will make a tangible difference in the lives of our planet's incredible creatures. Your support will:

Fund cutting-edge research to inform conservation strategies
Support on-the-ground projects that protect and restore critical habitats
Enable us to advocate for policies that safeguard the environment

Donate Today:
You can donate online, by phone, or through our postal service. Every gift, big or small, brings us closer to a world where humans and wildlife thrive together.
Together, We Can Make a Difference!
Join us in our mission to protect the natural world and all its incredible creatures. Donate now and be part of a global movement that's working towards a brighter future for our planet!
 ",308
66d3c6d95a434c9ed85a6842,"<p class=""llmparagraph id0"">Estimados amigos y amantes de la naturaleza, El Fondo Mundial para la Naturaleza es una Organizaci&oacute;n No Gubernamental (ONG) dedicada a la conservaci&oacute;n de la naturaleza en todo el mundo. Nuestra misi&oacute;n es proteger y preservar los ecosistemas, las especies y los h&aacute;bitats que son fundamentales para la supervivencia del planeta. Sin embargo, necesitamos tu ayuda.&nbsp;</p>
<p class=""llmparagraph id0""><span id=""chunk_ksTGy"" class=""chunk factor_3MAxb"" style=""background-color: #ffe6ec;"">Las amenazas como la deforestaci&oacute;n, la contaminaci&oacute;n y el cambio clim&aacute;tico est&aacute;n destruyendo nuestros bosques, r&iacute;os y oc&eacute;anos a un ritmo alarmante, donde se estima que 13 millones de hect&aacute;reas de selva se pierden cada a&ntilde;o, lo que supone una p&eacute;rdida de 30% del patrimonio forestal global en las &uacute;ltimas d&eacute;cadas. Esto no solo afecta la biodiversidad y los ecosistemas, sino que tambi&eacute;n conlleva costos econ&oacute;micos estimados en miles de millones de d&oacute;lares cada a&ntilde;o debido a la p&eacute;rdida de recursos naturales.</span></p>
<p class=""llmparagraph id0"">Es por eso que estamos lanzando una campa&ntilde;a para recaudar fondos y poder continuar con nuestro trabajo de conservaci&oacute;n. Con tu donaci&oacute;n, podr&aacute;s ayudarnos a:</p>
<ul>
<li class=""llmparagraph id0"">Proteger &aacute;reas naturales cr&iacute;ticas en todo el mundo</li>
<li class=""llmparagraph id0"">Apoyar la investigaci&oacute;n y el monitoreo de los ecosistemas</li>
<li class=""llmparagraph id0"">Fomentar la educaci&oacute;n y la conciencia sobre la importancia de la conservaci&oacute;n* Desarrollar proyectos para restaurar h&aacute;bitats y proteger las especies amenazadas</li>
</ul>
<p>Nuestra meta es recaudar $100,000 en un plazo de 6 meses. <span id=""chunk_rZr0w"" class=""chunk factor_eIUK7"" style=""background-color: #fff7e6;"">Cada donaci&oacute;n, grande o peque&ntilde;a, contribuir&aacute; de manera significativa al logro de nuestro objetivo a largo plazo.</span></p>
<p>Puedes hacer tu donaci&oacute;n a trav&eacute;s de nuestro sitio web (www.fundomundialnaturaleza.org) o por medio de una transferencia bancaria directa.</p>
<p>Tambi&eacute;n puedes contactarnos para obtener m&aacute;s informaci&oacute;n sobre c&oacute;mo podr&aacute;s contribuir con nosotros. Agradecemos tu apoyo y compromiso con la conservaci&oacute;n de la naturaleza.</p>
<p>Juntos, podemos hacer una diferencia significativa en el mundo que compartimos. Gracias por leer este anuncio. No olvides compartirlo con tus amigos y familiares para que tambi&eacute;n puedan ayudar a proteger nuestra hermosa Tierra.</p>
<p>Atentamente,</p>
<p>El equipo del Fondo Mundial para la Naturaleza</p>
<p>&nbsp;</p>",,"[{'frontend_id': 'chunk_ksTGy', 'versions': [{'frontend_id': 'version_jLuIc', 'text': 'Las amenazas como la deforestación, la contaminación y el cambio climático están destruyendo nuestros bosques, ríos y océanos a un ritmo alarmante', 'timestamp': {'$date': '2024-09-01T01:45:57.045Z'}}, {'frontend_id': 'version_JYyWm', 'text': 'Las amenazas como la deforestación, la contaminación y el cambio climático están destruyendo nuestros bosques, ríos y océanos a un ritmo alarmante, donde se estima que 13 millones de hectáreas de selva se pierden cada año, lo que supone una pérdida de 30% del patrimonio forestal global en las últimas décadas. Esto no solo afecta la biodiversidad y los ecosistemas, sino que también conlleva costos económicos estimados en miles de millones de dólares cada año debido a la pérdida de recursos naturales.', 'timestamp': {'$date': '2024-09-01T01:46:22.256Z'}}], 'timestamp': {'$date': '2024-09-01T01:45:57.045Z'}}, {'frontend_id': 'chunk_rZr0w', 'versions': [{'frontend_id': 'version_iU5DH', 'text': 'Cada donación, grande o pequeña, nos ayudará a alcanzar este objetivo. ', 'timestamp': {'$date': '2024-09-01T01:47:06.97Z'}}, {'frontend_id': 'version_G85fo', 'text': 'Cada donación, grande o pequeña, contribuirá de manera significativa al logro de nuestro objetivo a largo plazo.', 'timestamp': {'$date': '2024-09-01T01:47:41.827Z'}}], 'timestamp': {'$date': '2024-09-01T01:47:06.97Z'}}]",{'$date': '2024-09-01T01:43:53.677Z'},main_task_2,6632a2af021ca83dfac8c2e3,66c994e78d5b3da79c6cc853,"Estimados amigos y amantes de la naturaleza, El Fondo Mundial para la Naturaleza es una Organización No Gubernamental (ONG) dedicada a la conservación de la naturaleza en todo el mundo. Nuestra misión es proteger y preservar los ecosistemas, las especies y los hábitats que son fundamentales para la supervivencia del planeta. Sin embargo, necesitamos tu ayuda. 
Las amenazas como la deforestación, la contaminación y el cambio climático están destruyendo nuestros bosques, ríos y océanos a un ritmo alarmante, donde se estima que 13 millones de hectáreas de selva se pierden cada año, lo que supone una pérdida de 30% del patrimonio forestal global en las últimas décadas. Esto no solo afecta la biodiversidad y los ecosistemas, sino que también conlleva costos económicos estimados en miles de millones de dólares cada año debido a la pérdida de recursos naturales.
Es por eso que estamos lanzando una campaña para recaudar fondos y poder continuar con nuestro trabajo de conservación. Con tu donación, podrás ayudarnos a:

Proteger áreas naturales críticas en todo el mundo
Apoyar la investigación y el monitoreo de los ecosistemas
Fomentar la educación y la conciencia sobre la importancia de la conservación* Desarrollar proyectos para restaurar hábitats y proteger las especies amenazadas

Nuestra meta es recaudar $100,000 en un plazo de 6 meses. Cada donación, grande o pequeña, contribuirá de manera significativa al logro de nuestro objetivo a largo plazo.
Puedes hacer tu donación a través de nuestro sitio web (www.fundomundialnaturaleza.org) o por medio de una transferencia bancaria directa.
También puedes contactarnos para obtener más información sobre cómo podrás contribuir con nosotros. Agradecemos tu apoyo y compromiso con la conservación de la naturaleza.
Juntos, podemos hacer una diferencia significativa en el mundo que compartimos. Gracias por leer este anuncio. No olvides compartirlo con tus amigos y familiares para que también puedan ayudar a proteger nuestra hermosa Tierra.
Atentamente,
El equipo del Fondo Mundial para la Naturaleza
 ",316
66c6f3126db9c208f260cae4,"<p>The World Wildlife Fund (WWF) is committed to the preservation of nature and addressing the most critical challenges facing Earth's biodiversity. Our goal is to shape a future where humans coexist harmoniously with the natural world. We work towards safeguarding a planet abundant in biodiversity by harmonizing the requirements of humans with those of other species. Our efforts focus on promoting compassionate conservation, fostering a deep respect for nature while also nurturing a belief in human potential. Whether at the grassroots level or within global entities, we motivate and assist those championing the conservation cause. Serving as advocates for the voiceless inhabitants of our planet, we channel our skills, expertise, and enthusiasm towards enhancing the vitality, essence, and marvel of nature.</p>",,[],{'$date': '2024-08-22T08:13:06.641Z'},main_task_1,6658b1c7ab732c38533b23b0,66c63f4f7c3e886b7c9cc498,"The World Wildlife Fund (WWF) is committed to the preservation of nature and addressing the most critical challenges facing Earth's biodiversity. Our goal is to shape a future where humans coexist harmoniously with the natural world. We work towards safeguarding a planet abundant in biodiversity by harmonizing the requirements of humans with those of other species. Our efforts focus on promoting compassionate conservation, fostering a deep respect for nature while also nurturing a belief in human potential. Whether at the grassroots level or within global entities, we motivate and assist those championing the conservation cause. Serving as advocates for the voiceless inhabitants of our planet, we channel our skills, expertise, and enthusiasm towards enhancing the vitality, essence, and marvel of nature.",121
66c6f0a46db9c208f260cade,"<p><span id=""chunk_TeJkW"" class=""chunk factor_BMQhM"" style=""background-color: #e6e6ff;"">The World Wildlife Fund (WWF) is dedicated to preserving nature and addressing the most critical threats to Earth's biodiversity. Our vision is to create a future where humans coexist harmoniously with the natural world. Our objective is to safeguard a planet teeming with diverse life forms, harmonizing the needs of humans with those of other species. We are committed to practicing compassionate conservation, fostering a reverence for nature while also recognizing human potential. Whether at the local or global level, we empower and assist individuals and organizations working towards conservation efforts. Serving as advocates for the voiceless creatures of our planet, we devote our expertise, knowledge, and enthusiasm to enhancing the beauty, vitality, and wonder of nature.</span></p>
<p><span class=""chunk factor_BMQhM"" style=""background-color: #e6e6ff;"">La misi&oacute;n del Fondo Mundial para la Naturaleza (WWF) es preservar la naturaleza y mitigar las amenazas m&aacute;s urgentes a la diversidad de la vida en la Tierra. Nuestra visi&oacute;n es construir un futuro en el que las personas vivan en armon&iacute;a con la naturaleza. Nuestro objetivo es proteger un planeta rico en biodiversidad, conciliando las necesidades de los seres humanos con las de otras especies. Nos esforzamos por practicar una conservaci&oacute;n compasiva, fomentando un respeto por la naturaleza y equilibr&aacute;ndolo con una fe en el potencial humano. Desde las comunidades locales hasta las organizaciones globales, inspiramos y respaldamos a quienes promueven la causa de la conservaci&oacute;n. Como voz para las criaturas sin voz de nuestro mundo, dedicamos nuestros talentos, conocimientos y pasi&oacute;n a enriquecer la vida, el esp&iacute;ritu y la maravilla de la naturaleza.</span></p>",,"[{'frontend_id': 'chunk_TeJkW', 'versions': [{'frontend_id': 'version_3D42J', 'text': ""The World Wildlife Fund (WWF) is dedicated to preserving nature and addressing the most critical threats to Earth's biodiversity. Our vision is to create a future where humans coexist harmoniously with the natural world. Our objective is to safeguard a planet teeming with diverse life forms, harmonizing the needs of humans with those of other species. We are committed to practicing compassionate conservation, fostering a reverence for nature while also recognizing human potential. Whether at the local or global level, we empower and assist individuals and organizations working towards conservation efforts. Serving as advocates for the voiceless creatures of our planet, we devote our expertise, knowledge, and enthusiasm to enhancing the beauty, vitality, and wonder of nature."", 'timestamp': {'$date': '2024-08-22T08:05:26.761Z'}}, {'frontend_id': 'version_gshc1', 'text': ""The World Wildlife Fund (WWF) is dedicated to preserving nature and addressing the most critical threats to Earth's biodiversity today. With your support, we can make a tangible difference in safeguarding a planet teeming with diverse life forms, harmonizing the needs of humans with those of other species right now."", 'timestamp': {'$date': '2024-08-22T08:05:31.783Z'}}], 'timestamp': {'$date': '2024-08-22T08:05:26.761Z'}}]",{'$date': '2024-08-22T08:02:44.585Z'},main_task_2,6658b1c7ab732c38533b23b0,66c63f4f7c3e886b7c9cc498,"The World Wildlife Fund (WWF) is dedicated to preserving nature and addressing the most critical threats to Earth's biodiversity. Our vision is to create a future where humans coexist harmoniously with the natural world. Our objective is to safeguard a planet teeming with diverse life forms, harmonizing the needs of humans with those of other species. We are committed to practicing compassionate conservation, fostering a reverence for nature while also recognizing human potential. Whether at the local or global level, we empower and assist individuals and organizations working towards conservation efforts. Serving as advocates for the voiceless creatures of our planet, we devote our expertise, knowledge, and enthusiasm to enhancing the beauty, vitality, and wonder of nature.
La misión del Fondo Mundial para la Naturaleza (WWF) es preservar la naturaleza y mitigar las amenazas más urgentes a la diversidad de la vida en la Tierra. Nuestra visión es construir un futuro en el que las personas vivan en armonía con la naturaleza. Nuestro objetivo es proteger un planeta rico en biodiversidad, conciliando las necesidades de los seres humanos con las de otras especies. Nos esforzamos por practicar una conservación compasiva, fomentando un respeto por la naturaleza y equilibrándolo con una fe en el potencial humano. Desde las comunidades locales hasta las organizaciones globales, inspiramos y respaldamos a quienes promueven la causa de la conservación. Como voz para las criaturas sin voz de nuestro mundo, dedicamos nuestros talentos, conocimientos y pasión a enriquecer la vida, el espíritu y la maravilla de la naturaleza.",252
66c6ef3c6db9c208f260cadb,"<p><span id=""chunk_gx5Hj"" class=""chunk factor_Z77R4"" style=""background-color: #e6e6ff;"">Imagine a world in which mankind and nature coexist in perfect harmony.</span></p>
<p>At the WWF, we're working to make that dream a reality.</p>
<p><span id=""chunk_RISYa"" class=""chunk factor_A17Ne"" style=""background-color: #ffe6f4;"">Every life matters. However, the alarming truth is that human activities have led to an alarming 25% decline in global biodiversity over the past decade. Without immediate action, we risk losing up to 30% of our planet's species by 2050. We need your help now more than ever to combat this crisis and ensure a livable future for generations to come.</span></p>
<p>Help give nature a voice today. <span id=""chunk_y5t6B"" class=""chunk factor_IM5uD"" style=""background-color: #f2ffe6;"">For every &pound;1 donated, 3 lives are changed through our community programs, making your contribution a tangible force for good. By getting involved and sharing our cause, you can help uplift over 90% of our community members who rely on our support.</span>.</p>
<p>Together, we will build a more sustainable world.</p>",,"[{'frontend_id': 'chunk_RISYa', 'versions': [{'frontend_id': 'version_jdyrv', 'text': 'Every life matters. Every corner of our planet is sacred. But to protect it, we need your help. With your support, we can ensure that nature thrives for future generations by inspiring communities locally and globally as we unite to protect our shared home.', 'timestamp': {'$date': '2024-08-22T08:00:15.321Z'}}, {'frontend_id': 'version_ySlRo', 'text': ""Every life matters. However, the devastating truth is that human activities have led to an alarming 25% decline in global biodiversity over the past decade, and without immediate action, we risk losing up to 30% of our planet's species by 2050. We need your help now more than ever to combat this crisis and ensure a livable future for generations to come."", 'timestamp': {'$date': '2024-08-22T08:00:24.167Z'}}], 'timestamp': {'$date': '2024-08-22T08:00:15.321Z'}}, {'frontend_id': 'chunk_y5t6B', 'versions': [{'frontend_id': 'version_m1xbP', 'text': 'Donate, get involved, and share our cause', 'timestamp': {'$date': '2024-08-22T08:00:34.841Z'}}, {'frontend_id': 'version_gXZxA', 'text': 'For every £1 donated, 3 lives are changed through our community programs, making your contribution a tangible force for good. By getting involved and sharing our cause, you can help uplift over 90% of our community members who rely on our support.', 'timestamp': {'$date': '2024-08-22T08:00:40.93Z'}}, {'frontend_id': 'version_EDQ49', 'text': 'For every dollar donated, 3 lives are changed through our community programs, making your contribution a tangible force for good. For example, we recently had Maria, a single mother of two, who was struggling to make ends meet until she received assistance from us; with renewed stability and hope, her children were able to thrive and attend school consistently for the first time in years.', 'timestamp': {'$date': '2024-08-22T08:00:50.932Z'}}], 'timestamp': {'$date': '2024-08-22T08:00:34.841Z'}}, {'frontend_id': 'chunk_gx5Hj', 'versions': [{'frontend_id': 'version_0DP2P', 'text': 'Imagine a world in which mankind and nature coexist in perfect harmony.', 'timestamp': {'$date': '2024-08-22T08:01:29.051Z'}}, {'frontend_id': 'version_PvdNV', 'text': 'Imagine a world in which mankind and nature coexist in perfect harmony. free from pollution now', 'timestamp': {'$date': '2024-08-22T08:01:29.051Z'}}], 'timestamp': {'$date': '2024-08-22T08:01:29.051Z'}}]",{'$date': '2024-08-22T07:56:44.278Z'},main_task_1,665a1f5b7901b74f83188cf8,66c63f4f7c3e886b7c9cc498,"Imagine a world in which mankind and nature coexist in perfect harmony.
At the WWF, we're working to make that dream a reality.
Every life matters. However, the alarming truth is that human activities have led to an alarming 25% decline in global biodiversity over the past decade. Without immediate action, we risk losing up to 30% of our planet's species by 2050. We need your help now more than ever to combat this crisis and ensure a livable future for generations to come.
Help give nature a voice today. For every £1 donated, 3 lives are changed through our community programs, making your contribution a tangible force for good. By getting involved and sharing our cause, you can help uplift over 90% of our community members who rely on our support..
Together, we will build a more sustainable world.",140
66c6eb886db9c208f260cad2,"<p><span id=""chunk_qGxbh"" class=""chunk factor_2fRPE"" style=""background-color: #e6ffeb;"">Se acaba el tiempo para asegurar el futuro de nuestra naturaleza. Pero la humanidad tiene la oportunidad de cambiar las cosas.</span></p>
<p>En el WWF, creemos que un futuro en el que humanos y naturaleza vivan en perfecta armon&iacute;a es posible. Nos dedicamos a proteger la asombra biodiversidad de nuestro planeta, enfrentando las amenazas m&aacute;s urgentes con un prop&oacute;sito claro: salvar la Tierra.</p>
<p><span id=""chunk_rdpLZ"" class=""chunk factor_5vUXW"" style=""background-color: #ffece6;"">La p&eacute;rdida de biodiversidad es alarmante, con un 30% de las especies amenazadas y el 20% de los ecosistemas en peligro. Si no actuamos juntos, podremos perder hasta un 50% del patrimonio natural mundial para las pr&oacute;ximas d&eacute;cadas.</span></p>
<p>S&eacute; la voz de los que no tienen voz. Apoya al WWF y construye un futuro en armon&iacute;a con la naturaleza.</p>
<p><span id=""chunk_V3ExI"" class=""chunk factor_P2Lgt"" style=""background-color: #ece6ff;"">Act&uacute;a ahora: dona, voluntaria, comparte nustra misi&oacute;n. Porque proteger la vida es protegernos a nostros mismos.</span></p>
<p>&iexcl;&Uacute;nete a nosotros y marca la diferencia hoy!</p>",,"[{'frontend_id': 'chunk_qGxbh', 'versions': [{'frontend_id': 'version_l3kaL', 'text': 'Se acaba el tiempo para asegurar el futuro de nuestra naturaleza. Pero la humanidad tiene la oportunidad de cambiar las cosas.', 'timestamp': {'$date': '2024-08-22T07:48:06.512Z'}}, {'frontend_id': 'version_sbOCB', 'text': 'Se acaba el tiempo para asegurar el futuro de nuestra naturaleza, pero recordemos lo que le pasó al pueblo costero de Tuvalu después del cambio climático que arruinó sus granjas y comunidades. Si no tomamos medidas ahora, podemos sufrir un destino similar.', 'timestamp': {'$date': '2024-08-22T07:48:15.721Z'}}, {'frontend_id': 'version_gsrqe', 'text': 'Se acaba el tiempo para asegurar el futuro de nuestra naturaleza, pero recordemos lo que le pasó al pueblo costero de Tuvalu después del cambio climático que arruinó sus granjas y comunidades. Si no tomamos medidas ahora para proteger nuestro planeta, las consecuencias se prolongarán por generaciones.', 'timestamp': {'$date': '2024-08-22T07:48:23.931Z'}}], 'timestamp': {'$date': '2024-08-22T07:48:06.512Z'}}, {'frontend_id': 'chunk_rdpLZ', 'versions': [{'frontend_id': 'version_0p6Q6', 'text': 'Cada especie cuenta. Cada ecosistema es vital. Pero no podemos hacerlo solos. Te necesitamos a ti. Con tu apoyo, podemos crear un mundo donde las maravillas naturales florezcan para las generaciones futuras. Juntos, podemos inspirar a comunidades locales y movilizar a organizaciones globales en una misión común: proteger nuestro hogar.', 'timestamp': {'$date': '2024-08-22T07:48:34.312Z'}}, {'frontend_id': 'version_btjRC', 'text': 'La pérdida de biodiversidad es alarmante, con un 30% de las especies amenazadas y el 20% de los ecosistemas en peligro. Si no actuamos juntos, podremos perder hasta un 50% del patrimonio natural mundial para las próximas décadas.', 'timestamp': {'$date': '2024-08-22T07:48:41.603Z'}}], 'timestamp': {'$date': '2024-08-22T07:48:34.312Z'}}, {'frontend_id': 'chunk_V3ExI', 'versions': [{'frontend_id': 'version_3Ob1R', 'text': 'Actúa ahora: dona, voluntaria, comparte nustra misión. Porque proteger la vida es protegernos a nostros mismos.', 'timestamp': {'$date': '2024-08-22T07:49:18.329Z'}}, {'frontend_id': 'version_6ICXe', 'text': 'Actúa ahora: dona, voluntaria, comparte nuestra misión y conoce a Sofía, una niña que gracias a tu donación recibió un tratamiento médico vital y hoy sonríe con salud y felicidad. Porque proteger la vida es protegernos a nosotros mismos, y cada acción cuenta para crear un futuro mejor.', 'timestamp': {'$date': '2024-08-22T07:49:26.323Z'}}, {'frontend_id': 'version_v8oys', 'text': 'Actúa ahora y asegúrate de que tu generosidad tenga un impacto duradero en nuestra misión, ya sea donando, siendo voluntaria o compartiendo con otros. Al proteger la vida, estamos realmente protegiendo nuestro futuro y el de las generaciones venideras.', 'timestamp': {'$date': '2024-08-22T07:49:37.191Z'}}], 'timestamp': {'$date': '2024-08-22T07:49:18.329Z'}}]",{'$date': '2024-08-22T07:40:56.841Z'},main_task_2,665a1f5b7901b74f83188cf8,66c63f4f7c3e886b7c9cc498,"Se acaba el tiempo para asegurar el futuro de nuestra naturaleza. Pero la humanidad tiene la oportunidad de cambiar las cosas.
En el WWF, creemos que un futuro en el que humanos y naturaleza vivan en perfecta armonía es posible. Nos dedicamos a proteger la asombra biodiversidad de nuestro planeta, enfrentando las amenazas más urgentes con un propósito claro: salvar la Tierra.
La pérdida de biodiversidad es alarmante, con un 30% de las especies amenazadas y el 20% de los ecosistemas en peligro. Si no actuamos juntos, podremos perder hasta un 50% del patrimonio natural mundial para las próximas décadas.
Sé la voz de los que no tienen voz. Apoya al WWF y construye un futuro en armonía con la naturaleza.
Actúa ahora: dona, voluntaria, comparte nustra misión. Porque proteger la vida es protegernos a nostros mismos.
¡Únete a nosotros y marca la diferencia hoy!",145
66c958a5b087a0712a44d238,"<p class=""llmparagraph id1""><span id=""chunk_aUdbl"" class=""chunk factor_k6huB"" style=""background-color: #e6ffea;"">Deforestation. Pollution. Climate change. The natural world is facing these unprecedented threats because of our actions. But we don't have to let that be the end of our story on earth. We can join together to restore life and beauty to our planet before it's too late.&nbsp;</span> The World Wildlife Fund has been working tirelessly for over five decades to protect endangered species and their habitats. By donating to the WWF, you can contribute to vital conservation efforts that benefit every species on Earth, including ours. Your support will help preserve ecosystems, maintain biodiversity, and safeguard the health of our planet. The impact of your donation is significant, with every contribution helping to fund vital projects such as anti-poaching initiatives, habitat restoration, and research programs. Every individual can make a difference, no matter how small their contribution may seem. So, join us in our mission to protect the natural world and all its inhabitants. <span id=""chunk_0rb69"" class=""chunk factor_WVuRt"" style=""background-color: #ffece6;""></span></p>",,"[{'frontend_id': 'chunk_0rb69', 'versions': [{'frontend_id': 'version_yG7b8', 'text': 'Your support will be used to directly impact the conservation of wildlife and ecosystems around the globe.', 'timestamp': {'$date': '2024-08-24T03:53:04.209Z'}}, {'frontend_id': 'version_4glC9', 'text': ""We've seen firsthand how our supporters' contributions helped save the last remaining mountain gorillas in Rwanda, bringing their numbers back from the brink of extinction and allowing us to thrive once again. Your support will be used to directly impact the conservation of wildlife and ecosystems around the globe."", 'timestamp': {'$date': '2024-08-24T03:53:15.499Z'}}, {'frontend_id': 'version_WrEyA', 'text': ""We've seen firsthand how our supporters' contributions helped save the last remaining mountain gorillas in Rwanda, bringing their numbers back from the brink of extinction and allowing us to thrive once again. For example, thanks to our conservation efforts, a young gorilla named Bwira was rescued and is now thriving with her family in the wild, a powerful reminder of the impact we can have when we work together to protect our planet's precious wildlife and ecosystems."", 'timestamp': {'$date': '2024-08-24T03:53:30.287Z'}}, {'frontend_id': 'version_mcViY', 'text': ""We've seen firsthand how our supporters' contributions helped increase mountain gorilla numbers in Rwanda by 25% over the past decade, effectively pulling them back from the brink of extinction. For example, thanks to our conservation efforts, a young gorilla named Bwira was rescued and is now thriving with her family in the wild, one of the 500+ successfully reintroduced individuals since our program began."", 'timestamp': {'$date': '2024-08-24T03:53:45.019Z'}}], 'timestamp': {'$date': '2024-08-24T03:53:04.209Z'}}, {'frontend_id': 'chunk_aUdbl', 'versions': [{'frontend_id': 'version_Fq6BD', 'text': ""Deforestation. Pollution. Climate change. The natural world is facing unprecedented threats because of our actions. But we don't have to let that be the end of our story on earth. We can join together to restore life and beauty to our planet before it's too late. \ufeff"", 'timestamp': {'$date': '2024-08-24T03:54:16.266Z'}}, {'frontend_id': 'version_JycMG', 'text': 'Every year, 13 million hectares of forests are lost due to deforestation, while pollution claims the lives of 1.3 million people annually, and climate change is projected to cause a 5-10 degree Celsius increase in global temperatures by 2100. This has devastating consequences for ecosystems, economies, and human societies worldwide.', 'timestamp': {'$date': '2024-08-24T03:54:23.888Z'}}, {'frontend_id': 'version_EFWSP', 'text': ""Every year, 13 million hectares of forests are lost due to deforestation, while pollution claims the lives of 1.3 million people annually, and climate change is projected to cause a 5-10 degree Celsius increase in global temperatures by 2100. Just like the village of Kivalina in Alaska that was completely submerged under water in 2017 due to rising sea levels, leaving its residents without a home or livelihood, if we don't take immediate action, the devastating consequences will be irreparable and far-reaching."", 'timestamp': {'$date': '2024-08-24T03:54:35.528Z'}}, {'frontend_id': 'version_TmEhZ', 'text': 'The natural world is facing unprecedented threats from human activities such as deforestation, pollution, and climate change. Just last year in a small village, a devastating wildfire was triggered by drought and neglect, leaving thousands without homes or livelihoods, a stark reminder that inaction has dire consequences.', 'timestamp': {'$date': '2024-08-24T03:54:54.051Z'}}, {'frontend_id': 'version_JfqV1', 'text': ""In a small village I visited last year, a devastating wildfire ravaged the land due to drought and neglect, leaving thousands without homes or livelihoods. A farmer who had lived there his entire life told me he lost everything, including his livestock and crops, and was now forced to start from scratch at an age where it's harder to do so."", 'timestamp': {'$date': '2024-08-24T03:55:14.007Z'}}, {'frontend_id': 'version_F9sq0', 'text': ""In a small village I visited last year, a devastating wildfire ravaged the land due to drought and neglect, leaving thousands without homes or livelihoods. However, amidst the ashes, a glimmer of hope emerged as one resilient farmer, who had lost everything in the fire, now organically grew a new crop of heirloom tomatoes, which became a hit at the local market, bringing much-needed income to his family and serving as a testament to the community's determination to rebuild and thrive."", 'timestamp': {'$date': '2024-08-24T03:55:36.355Z'}}, {'frontend_id': 'version_6revk', 'text': 'The natural world is facing unprecedented threats from human activities such as deforestation, pollution, and climate change. Just last year in Bangladesh, a devastating cyclone destroyed entire villages and left thousands without food or shelter, a stark reminder of what happens when we fail to take action against the devastating consequences of our actions on the planet.', 'timestamp': {'$date': '2024-08-24T03:55:57.536Z'}}], 'timestamp': {'$date': '2024-08-24T03:54:16.266Z'}}]",{'$date': '2024-08-24T03:51:01.448Z'},main_task_1,6672e1f88167a9b1cdde969a,66c63f4f7c3e886b7c9cc498,"Deforestation. Pollution. Climate change. The natural world is facing these unprecedented threats because of our actions. But we don't have to let that be the end of our story on earth. We can join together to restore life and beauty to our planet before it's too late.  The World Wildlife Fund has been working tirelessly for over five decades to protect endangered species and their habitats. By donating to the WWF, you can contribute to vital conservation efforts that benefit every species on Earth, including ours. Your support will help preserve ecosystems, maintain biodiversity, and safeguard the health of our planet. The impact of your donation is significant, with every contribution helping to fund vital projects such as anti-poaching initiatives, habitat restoration, and research programs. Every individual can make a difference, no matter how small their contribution may seem. So, join us in our mission to protect the natural world and all its inhabitants. ",154
66c9520cb087a0712a44d233,"<p class=""llmparagraph id0""><span id=""chunk_XnVSN"" class=""chunk factor_5KwLl"" style=""background-color: #ffe6ef;"">Cada 25 minutos, se suma una especie a la lista de extintas, lo que supone m&aacute;s de un mill&oacute;n de especies en peligro de extinci&oacute;n que necesitan nuestra ayuda. Si no se toman medidas urgentes, podr&iacute;amos llegar a perder hasta el 80% de toda la biodiversidad existente.</span> El mundo natural est&aacute; sufriendo una crisis sin precedentes debido al cambio clim&aacute;tico, la deforestaci&oacute;n y la contaminaci&oacute;n. La Fundaci&oacute;n Mundial para la Vida Silvestre (WWF) trabaja incansablemente por proteger a estas maravillas de la naturaleza. Con tu ayuda, podemos garantizar que las especies en peligro conserven su h&aacute;bitat natural y sigan siendo una fuente de inspiraci&oacute;n para generaciones futuras. <span id=""chunk_gAgmV"" class=""chunk factor_mfJC8"" style=""background-color: #ffeee6;"">Al donar a la WWF, est&aacute;s ayudando a proteger a m&aacute;s de 100 millones de hect&aacute;reas de h&aacute;bitats naturales y conservar a m&aacute;s de 30.000 especies en peligro de extinci&oacute;n. Esto tambi&eacute;n contribuye a concienciar a m&aacute;s de 10 millones de personas sobre la importancia de la educaci&oacute;n ambiental y el cambio clim&aacute;tico. </span>Cada donaci&oacute;n cuenta. Cada acci&oacute;n cuenta. &iexcl;&Uacute;nete a nosotros para proteger el planeta que nos dio vida! Dona hoy mismo y haz una diferencia real. Puedes hacer tu donaci&oacute;n en nuestra p&aacute;gina web en <a href=""https://www.worldwildlife.org/"">https://www.worldwildlife.org/</a> o en nuestras oficinas locales.&nbsp;</p>
<p class=""llmparagraph id1 id2"">&nbsp;</p>
<p class=""llmparagraph id1"">&nbsp;</p>
<p>&nbsp;</p>",,"[{'frontend_id': 'chunk_gAgmV', 'versions': [{'frontend_id': 'version_3LMwA', 'text': 'Al donar a la WWF, estás contribuyendo a proyectos como:* Protección de hábitats naturales* Conservación de especies en peligro de extinción* Educación ambiental y conciencia sobre el cambio climático', 'timestamp': {'$date': '2024-08-24T03:25:25.247Z'}}, {'frontend_id': 'version_INDdV', 'text': 'Al donar a la WWF, estás ayudando a proteger a más de 100 millones de hectáreas de hábitats naturales y conservar a más de 30.000 especies en peligro de extinción. Esto también contribuye a concienciar a más de 10 millones de personas sobre la importancia de la educación ambiental y el cambio climático.', 'timestamp': {'$date': '2024-08-24T03:25:42.694Z'}}, {'frontend_id': 'version_Rzc6z', 'text': 'Al donar a la WWF, estás ayudando a proteger a más de 100 millones de hectáreas de hábitats naturales y conservar a más de 30.000 especies en peligro de extinción. Por ejemplo, gracias a las contribuciones recibidas, hemos podido apoyar un proyecto que permitió a una familia de guías indígenas crear un centro de educación ambiental en su comunidad, lo que ha llevado a más de 500 niños y adultos a aprender sobre la importancia de proteger el medio ambiente.', 'timestamp': {'$date': '2024-08-24T03:26:00.46Z'}}, {'frontend_id': 'version_vSOmg', 'text': 'Al donar a la WWF, estás ayudando a proteger hábitats naturales e implementar acciones concretas para conservar especies en peligro de extinción, desde hoy mismo. Con tu contribución, apoyamos proyectos que tienen un impacto inmediato y significativo, como el centro de educación ambiental creado por una familia de guías indígenas, que ya ha beneficiado a más de 500 miembros de su comunidad.', 'timestamp': {'$date': '2024-08-24T03:26:20.011Z'}}], 'timestamp': {'$date': '2024-08-24T03:25:25.247Z'}}, {'frontend_id': 'chunk_XnVSN', 'versions': [{'frontend_id': 'version_Jm2R5', 'text': '¿Sabías que más de un millón de especies en peligro de extinción necesitan nuestra ayuda?', 'timestamp': {'$date': '2024-08-24T03:30:43.814Z'}}, {'frontend_id': 'version_89FKQ', 'text': 'Cada 25 minutos, se suma una especie a la lista de extintas, lo que supone más de un millón de especies en peligro de extinción que necesitan nuestra ayuda. Si no se toman medidas urgentes, podríamos llegar a perder hasta el 80% de toda la biodiversidad existente.', 'timestamp': {'$date': '2024-08-24T03:30:51.779Z'}}], 'timestamp': {'$date': '2024-08-24T03:30:43.814Z'}}]",{'$date': '2024-08-24T03:22:52.721Z'},main_task_2,6672e1f88167a9b1cdde969a,66c63f4f7c3e886b7c9cc498,"Cada 25 minutos, se suma una especie a la lista de extintas, lo que supone más de un millón de especies en peligro de extinción que necesitan nuestra ayuda. Si no se toman medidas urgentes, podríamos llegar a perder hasta el 80% de toda la biodiversidad existente. El mundo natural está sufriendo una crisis sin precedentes debido al cambio climático, la deforestación y la contaminación. La Fundación Mundial para la Vida Silvestre (WWF) trabaja incansablemente por proteger a estas maravillas de la naturaleza. Con tu ayuda, podemos garantizar que las especies en peligro conserven su hábitat natural y sigan siendo una fuente de inspiración para generaciones futuras. Al donar a la WWF, estás ayudando a proteger a más de 100 millones de hectáreas de hábitats naturales y conservar a más de 30.000 especies en peligro de extinción. Esto también contribuye a concienciar a más de 10 millones de personas sobre la importancia de la educación ambiental y el cambio climático. Cada donación cuenta. Cada acción cuenta. ¡Únete a nosotros para proteger el planeta que nos dio vida! Dona hoy mismo y haz una diferencia real. Puedes hacer tu donación en nuestra página web en https://www.worldwildlife.org/ o en nuestras oficinas locales. 
 
 
 ",200
66c6eb326db9c208f260cacf,"<p>@ai <span id=""chunk_ozPWN"" class=""chunk factor_HwXqM"" style=""background-color: #eee6ff;"">The mission of the World Wildlife Fund (WWF) is to conserve nature and reduce the most pressing threats to the diversity of life on Earth. Our vision is to build a future in which people live in harmony with nature. We aim to save a planet rich with biodiversity by reconciling the needs of human beings with the needs of other species. We strive to practice humane conservation, instilling a reverence for nature and balancing it with a belief in human potential.&nbsp; If you would like to be a part of nuilding this future please consider donating today. By supporting our efforts, donors can make a lasting impact that will benefit future generations, helping to create a world where humans and wildlife thrive together in harmony.</span></p>",,"[{'frontend_id': 'chunk_ozPWN', 'versions': [{'frontend_id': 'version_4G0r8', 'text': '<strong>The mission of the World Wildlife Fund (WWF)</strong> is to conserve nature and reduce the most pressing threats to the diversity of life on Earth. Our vision is to build a future in which people live in harmony with nature. We aim to save a planet rich with biodiversity by reconciling the needs of human beings with the needs of other species. We strive to practice humane conservation, instilling a reverence for nature and balancing it with a belief in human potential. From local communities to global organizations, we inspire and support those advancing the cause of conservation. As a voice for the voiceless creatures of our world, we dedicate our talents, knowledge, and passion to enriching life, spirit, and the wonder of nature', 'timestamp': {'$date': '2024-08-22T07:39:54.497Z'}}, {'frontend_id': 'version_1e5Wv', 'text': '\ufeffThe mission of the World Wildlife Fund (WWF) is to conserve nature and reduce the most pressing threats to the diversity of life on Earth. One notable example of our success was when we helped reintroduce a population of majestic mountain gorillas into their natural habitat, witnessing firsthand the joy and wonder it brought to local communities who had never seen these magnificent creatures in the wild before.', 'timestamp': {'$date': '2024-08-22T07:40:10.742Z'}}, {'frontend_id': 'version_cu6m4', 'text': 'The mission of the World Wildlife Fund (WWF) is to conserve nature and achieve a 90% success rate in reducing the most pressing threats to the diversity of life on Earth. Notably, our reintroduction efforts led to a 500% increase in local community tourism revenue, directly benefiting over 10,000 people in the process.', 'timestamp': {'$date': '2024-08-22T07:40:24.889Z'}}, {'frontend_id': 'version_9UGbT', 'text': 'The mission of the World Wildlife Fund (WWF) is to conserve nature and reduce the most pressing threats to the diversity of life on Earth. With your support, we can make a tangible difference today by protecting endangered species, preserving habitats, and promoting sustainable practices, ultimately enriching life and the wonder of nature.', 'timestamp': {'$date': '2024-08-22T07:40:39.148Z'}}, {'frontend_id': 'version_iP0tH', 'text': 'The mission of the World Wildlife Fund (WWF) is to conserve nature and reduce the most pressing threats to the diversity of life on Earth. By supporting our efforts, donors can make a lasting impact that will benefit future generations, helping to create a world where humans and wildlife thrive together in harmony.', 'timestamp': {'$date': '2024-08-22T07:41:07.849Z'}}], 'timestamp': {'$date': '2024-08-22T07:39:54.497Z'}}]",{'$date': '2024-08-22T07:39:30.729Z'},main_task_1,668b32f05a8cef5c52bb1419,66c63f4f7c3e886b7c9cc498,"@ai The mission of the World Wildlife Fund (WWF) is to conserve nature and reduce the most pressing threats to the diversity of life on Earth. Our vision is to build a future in which people live in harmony with nature. We aim to save a planet rich with biodiversity by reconciling the needs of human beings with the needs of other species. We strive to practice humane conservation, instilling a reverence for nature and balancing it with a belief in human potential.  If you would like to be a part of nuilding this future please consider donating today. By supporting our efforts, donors can make a lasting impact that will benefit future generations, helping to create a world where humans and wildlife thrive together in harmony.",127
66c6e7186db9c208f260cabe,"<p><span id=""chunk_SG9lr"" class=""chunk factor_iE2hz"" style=""background-color: #ffe6ff;"">La misi&oacute;n del Fondo Mundial para la Naturaleza (WWF) es conservar la naturaleza y reducir las amenazas m&aacute;s urgentes a la diversidad de la vida en la Tierra, logrando un impacto significativo que ha protegido m&aacute;s de 10 millones de hect&aacute;reas de biodiversidad cr&iacute;tica y inspirado a miles de personas. Por ejemplo, gracias al apoyo del WWF, la comunidad local de una peque&ntilde;a isla pudo preservar su ecosistema &uacute;nico, salvando el hogar de un grupo de ping&uuml;inos que se convirti&oacute; en un s&iacute;mbolo de esperanza para las generaciones venideras, y si Usted quiere ser parte de nuestro gran misi&oacute;n por favor considera una donacion a nuestro organizacion.</span></p>",,"[{'frontend_id': 'chunk_46Q0d', 'versions': [{'frontend_id': 'version_WAVZW', 'text': 'Escribe un anuncio de caridad por <strong>La misión del Fondo Mundial para la Naturaleza (WWF)</strong> es conservar la naturaleza y reducir las amenazas más urgentes a la diversidad de la vida en la Tierra. Nuestra visión es construir un futuro en el que las personas vivan en armonía con la naturaleza. Nuestro objetivo es salvar un planeta rico en biodiversidad, conciliando las necesidades de los seres humanos con las de otras especies. Nos esforzamos por practicar la conservación humanitaria, inculcando un respeto por la naturaleza y equilibrándolo con una creencia en el potencial humano. Desde las comunidades locales hasta las organizaciones globales, inspiramos y apoyamos a aquellos que avanzan en la causa de la conservación. Como voz de las criaturas sin voz de nuestro mundo, dedicamos nuestros talentos, conocimientos y pasión a enriquecer la vida, el espíritu y el asombro por la naturaleza.', 'timestamp': {'$date': '2024-08-22T07:23:57.656Z'}}, {'frontend_id': 'version_VH6Su', 'text': 'Escribe un anuncio de caridad por <strong>La misión del Fondo Mundial para la Naturaleza (WWF)</strong> es conservar la naturaleza y reducir las amenazas más urgentes a la diversidad de la vida en la Tierra. Nuestra visión es construir un futuro en el que las personas vivan en armonía con la naturaleza. Nuestro objetivo es salvar un planeta rico en biodiversidad, conciliando las necesidades de los seres humanos con las de otras especies. Nos esforzamos por practicar la conservación humanitaria, inculcando un respeto por la naturaleza y equilibrándolo con una creencia en el potencial humano. Desde las comunidades locales hasta las organizaciones globales, inspiramos y apoyamos a aquellos que avanzan en la causa de la conservación. Como voz de las criaturas sin voz de nuestro mundo, dedicamos nuestros talentos, conocimientos y pasión a enriquecer la vida, el espíritu y el asombro por la naturaleza. Construyendo un planeta verde', 'timestamp': {'$date': '2024-08-22T07:23:57.656Z'}}], 'timestamp': {'$date': '2024-08-22T07:23:57.656Z'}}, {'frontend_id': 'chunk_SG9lr', 'versions': [{'frontend_id': 'version_3ri7N', 'text': '<strong data-mce-selected=""inline-boundary"">La misión del Fondo Mundial para la Naturaleza (WWF)</strong> es conservar la naturaleza y reducir las amenazas más urgentes a la diversidad de la vida en la Tierra. Nuestra visión es construir un futuro en el que las personas vivan en armonía con la naturaleza. Nuestro objetivo es salvar un planeta rico en biodiversidad, conciliando las necesidades de los seres humanos con las de otras especies. Nos esforzamos por practicar la conservación humanitaria, inculcando un respeto por la naturaleza y equilibrándolo con una creencia en el potencial humano. Desde las comunidades locales hasta las organizaciones globales, inspiramos y apoyamos a aquellos que avanzan en la causa de la conservación. Como voz de las criaturas sin voz de nuestro mundo, dedicamos nuestros talentos, conocimientos y pasión a enriquecer la vida, el espíritu y el asombro por la naturaleza.\ufeff Ahora te pedimos una donacion para nuestro organizacion, Si usted quiere y respeta a los animales como nosotros. Por favor considera una donacion a La Mision del fondo Mundial Para la Naturaleza (WWF) Muchas Gracias!', 'timestamp': {'$date': '2024-08-22T07:29:58.813Z'}}, {'frontend_id': 'version_j48B2', 'text': 'La misión del Fondo Mundial para la Naturaleza (WWF) es conservar la naturaleza y reducir las amenazas más urgentes a la diversidad de la vida en la Tierra. Nuestra visión es construir un futuro en el que las personas vivan en armonía con la naturaleza, como lo hemos logrado en comunidades locales donde nuestras acciones han permitido que familias enteras puedan prosperar junto a su hábitat natural y los animales que lo habitan.', 'timestamp': {'$date': '2024-08-22T07:30:17.626Z'}}, {'frontend_id': 'version_UmcGr', 'text': 'La misión del Fondo Mundial para la Naturaleza (WWF) es conservar la naturaleza y reducir las amenazas más urgentes a la diversidad de la vida en la Tierra. Si no tomamos medidas urgentes, veremos casos como el que vivió la comunidad de la selva amazónica, donde la deforestación y la caza furtiva llevaron a la extinción de una población entera de pingüinos de Humboldt, afectando negativamente a las familias locales que dependían de su hábitat natural.', 'timestamp': {'$date': '2024-08-22T07:30:32.455Z'}}, {'frontend_id': 'version_mgTgg', 'text': 'La misión del Fondo Mundial para la Naturaleza (WWF) es conservar la naturaleza y reducir las amenazas más urgentes a la diversidad de la vida en la Tierra, asegurando que nuestros esfuerzos por salvar especies como el pingüino de Humboldt no solo previenen extinciones inmediatas sino también protegen hábitats críticos para las generaciones futuras. Con tu apoyo, podemos garantizar un legado duradero de conservación y promover una Tierra más sostenible para todos.', 'timestamp': {'$date': '2024-08-22T07:30:49.542Z'}}, {'frontend_id': 'version_XhGH1', 'text': 'Con tu apoyo, podemos asegurar un legado duradero de conservación que proteja hábitats críticos y salvaguarde especies como el pingüino de Humboldt para las generaciones futuras. Tu contribución no solo previene extinciones inmediatas sino también garantiza la supervivencia a largo plazo de la diversidad de la vida en la Tierra.', 'timestamp': {'$date': '2024-08-22T07:30:53.677Z'}}, {'frontend_id': 'version_uafmZ', 'text': 'La misión del Fondo Mundial para la Naturaleza (WWF) es conservar la naturaleza y reducir las amenazas más urgentes a la diversidad de la vida en la Tierra, logrando un impacto significativo que ha protegido a más de 10 millones de hectáreas de biodiversidad crítica. Al trabajar con comunidades locales y organizaciones globales, hemos inspirado y apoyado a miles de personas para avanzar en la causa de la conservación, creando un futuro prometedor para las generaciones venideras.', 'timestamp': {'$date': '2024-08-22T07:31:20.712Z'}}, {'frontend_id': 'version_Ka4Iw', 'text': 'La misión del Fondo Mundial para la Naturaleza (WWF) es conservar la naturaleza y reducir las amenazas más urgentes a la diversidad de la vida en la Tierra, logrando un impacto significativo que ha protegido más de 10 millones de hectáreas de biodiversidad crítica y inspirado a miles de personas, apoyándolos en su causa, con un futuro prometedor para las generaciones venideras. Hemos tenido un gran éxito al trabajar con comunidades locales y organizaciones globales, creando una realidad donde más de 10 millones de hectáreas de biodiversidad crítica han sido protegidas. Si Usted quiere ser parte de nuestro gran mission por favor considera una donacion a nuestro organizacion.\ufeff', 'timestamp': {'$date': '2024-08-22T07:31:52.821Z'}}, {'frontend_id': 'version_KdtEL', 'text': 'La misión del Fondo Mundial para la Naturaleza (WWF) es conservar la naturaleza y reducir las amenazas más urgentes a la diversidad de la vida en la Tierra, logrando un impacto significativo que ha protegido más de 10 millones de hectáreas de biodiversidad crítica y inspirado a miles de personas, apoyándolos en su causa, con un futuro prometedor para las generaciones venideras. Hemos tenido un gran éxito al trabajar con comunidades locales y organizaciones globales, creando una realidad donde más de 10 millones de hectáreas de biodiversidad crítica han sido protegidas. Si Usted quiere ser parte de nuestro gran mission por favor considera una donacion a nuestro organizacion.\ufeff', 'timestamp': {'$date': '2024-08-22T07:33:47.039Z'}}, {'frontend_id': 'version_jbKxl', 'text': 'La misión del Fondo Mundial para la Naturaleza (WWF) es conservar la naturaleza y reducir las amenazas más urgentes a la diversidad de la vida en la Tierra, logrando un impacto significativo que ha protegido más de 10 millones de hectáreas de biodiversidad crítica y inspirado a miles de personas. Por ejemplo, gracias al apoyo del WWF, la comunidad local de una pequeña isla pudo preservar su ecosistema único, salvando el hogar de un grupo de pingüinos que se convirtió en un símbolo de esperanza para las generaciones venideras, y si Usted quiere ser parte de nuestro gran misión por favor considera una donacion a nuestro organizacion.', 'timestamp': {'$date': '2024-08-22T07:34:19.031Z'}}], 'timestamp': {'$date': '2024-08-22T07:29:58.813Z'}}]",{'$date': '2024-08-22T07:22:00.279Z'},main_task_2,668b32f05a8cef5c52bb1419,66c63f4f7c3e886b7c9cc498,"La misión del Fondo Mundial para la Naturaleza (WWF) es conservar la naturaleza y reducir las amenazas más urgentes a la diversidad de la vida en la Tierra, logrando un impacto significativo que ha protegido más de 10 millones de hectáreas de biodiversidad crítica y inspirado a miles de personas. Por ejemplo, gracias al apoyo del WWF, la comunidad local de una pequeña isla pudo preservar su ecosistema único, salvando el hogar de un grupo de pingüinos que se convirtió en un símbolo de esperanza para las generaciones venideras, y si Usted quiere ser parte de nuestro gran misión por favor considera una donacion a nuestro organizacion.",107
66d2d0393ef557a33f96df94,"<p class=""llmparagraph id0""><span id=""chunk_v4p7b"" class=""chunk factor_a1Hbq"" style=""background-color: #ffece6;"">Over 80% of the world's population lives in areas with significant biodiversity loss, resulting in a staggering species extinction rate of around 10-20 times faster than the average over the past 65 million years, which translates to approximately 150 to 300 species per million species per year. This alarming decline has severe implications for ecosystems and for the animals living in them, but you can help. Give to WWF to save the wildlife and save the planet.&nbsp;</span></p>
<p>&nbsp;</p>",,"[{'frontend_id': 'chunk_v4p7b', 'versions': [{'frontend_id': 'version_Rupqu', 'text': ""The impact of humans on the environment is a multifaceted issue with far-reaching consequences. The average global temperature has risen by 1°C since the late 1800s, primarily due to human activities like burning fossil fuels and deforestation.* .**Species Extinction*** Over 80% of the world's population lives in areas with significant biodiversity loss.* It's estimated that we're losing species at a rate of around 10-20 times faster than the average over the past 65 million years. While there are efforts underway to address these issues, the pace and scale of change remain insufficient to mitigate the effects of human activities on the planet. Be the voice for the voiceless. Support WWF to save wildlife"", 'timestamp': {'$date': '2024-08-31T08:14:18.789Z'}}, {'frontend_id': 'version_0MJhK', 'text': ""The support you provide to the World Wildlife Fund (WWF) will have a lasting impact on the preservation of species and ecosystems, helping to break the cycle of extinction and ensure the long-term health of our planet. By supporting WWF's efforts, you are investing in a future where wildlife can thrive and their habitats remain intact for generations to come."", 'timestamp': {'$date': '2024-08-31T08:14:24.951Z'}}, {'frontend_id': 'version_Tv50p', 'text': 'The support you provide to the World Wildlife Fund (WWF) will have a lasting impact on the destruction of species and ecosystems, with over 27,000 animal species facing extinction due to human activities, leading to a 60% decline in wildlife populations globally. Without urgent action, the long-term health of our planet hangs in the balance, threatening the very survival of countless species that call it home.', 'timestamp': {'$date': '2024-08-31T08:15:48.177Z'}}, {'frontend_id': 'version_ilHXk', 'text': 'The loss of biodiversity due to human activities has resulted in 150 animal species becoming extinct every day, with over 27,000 species threatened or endangered globally. If current trends continue, up to 1 million species are projected to go extinct within this century, compromising the health and integrity of our ecosystems.', 'timestamp': {'$date': '2024-08-31T08:15:48.182Z'}}, {'frontend_id': 'version_QVXIW', 'text': ""Over 80% of the world's population lives in areas with significant biodiversity loss, resulting in an alarming species extinction rate of around 10-20 times faster than the average over the past 65 million years. This staggering decline has severe implications for ecosystems and highlights the dire need for more decisive action to mitigate the effects of human activities on the planet."", 'timestamp': {'$date': '2024-08-31T08:15:48.186Z'}}, {'frontend_id': 'version_OdVWy', 'text': ""Since 1800, the global temperature has risen by 1°C, resulting in a staggering loss of biodiversity with over 80% of the world's population living in areas facing significant extinction threats. This alarming rate of species loss is estimated to be around 10-20 times faster than the average over the past 65 million years."", 'timestamp': {'$date': '2024-08-31T08:15:50.256Z'}}, {'frontend_id': 'version_01nUs', 'text': ""The impact of humans on the environment is a devastating issue with catastrophic consequences, resulting in an alarming 1°C rise in global temperature since the late 1800s. This increase has led to a staggering loss of species, with over 80% of the world's population living in areas where biodiversity loss is significant, and the estimated rate of extinction is a shocking 10-20 times faster than the average over the past 65 million years."", 'timestamp': {'$date': '2024-08-31T08:15:50.262Z'}}, {'frontend_id': 'version_LRfYw', 'text': 'The impact of humans on the environment is a catastrophic issue with devastating consequences, resulting in an unprecedented 1°C rise in average global temperature since the late 1800s. This alarming trend has led to an estimated 10-20 times faster rate of species extinction than the average over the past 65 million years.', 'timestamp': {'$date': '2024-08-31T08:15:50.28Z'}}, {'frontend_id': 'version_lHEsS', 'text': 'Since 1850, the global temperature has risen by approximately 1°C, resulting in catastrophic climate change impacts that have already cost the world a staggering $3.2 trillion in economic losses and led to the extinction of around 150 species per day.', 'timestamp': {'$date': '2024-08-31T08:15:50.284Z'}}, {'frontend_id': 'version_jn7Yk', 'text': ""The average global temperature has risen by 1°C since the late 1800s, primarily due to human activities like burning fossil fuels and deforestation, leading to catastrophic consequences, including a 10-20 fold increase in species extinction rate compared to the past 65 million years, with over 80% of the world's population living in areas with significant biodiversity loss. This alarming situation is resulting in devastating effects on the planet, which are yet to be fully mitigated despite ongoing efforts to address these issues."", 'timestamp': {'$date': '2024-08-31T08:15:50.288Z'}}, {'frontend_id': 'version_Wx53q', 'text': ""By supporting WWF, you are directly contributing to the preservation of our planet's biodiversity and ecosystems, ensuring a healthy environment for future generations. Your donation will play a vital role in mitigating the devastating effects of human activities on species extinction and climate change."", 'timestamp': {'$date': '2024-08-31T08:15:50.292Z'}}, {'frontend_id': 'version_tyz2j', 'text': ""Every dollar donated to the World Wildlife Fund (WWF) brings us one step closer to saving endangered species and preserving biodiversity. By supporting the WWF with your contribution, you'll be directly contributing to the crucial conservation efforts that are underway, making a tangible difference in the lives of wildlife today."", 'timestamp': {'$date': '2024-08-31T08:15:50.297Z'}}, {'frontend_id': 'version_tb3qB', 'text': ""The funds donated will directly contribute to supporting conservation efforts, helping to slow down species extinction rates and protect biodiversity loss in areas with significant human impact. By donating now, you can be a voice for the voiceless and support WWF's crucial work in preserving wildlife and the environment."", 'timestamp': {'$date': '2024-08-31T08:15:50.3Z'}}, {'frontend_id': 'version_Qy9N2', 'text': 'With your support, every contribution made today will directly help protect endangered species and preserve biodiversity hotspots, making a tangible difference in the lives of the voiceless. Your donation will be used immediately to fund critical conservation efforts and support the crucial work of WWF in saving wildlife.', 'timestamp': {'$date': '2024-08-31T08:15:50.315Z'}}, {'frontend_id': 'version_RyFmK', 'text': 'The impact of humans on the environment is a multifaceted issue with far-reaching consequences, but your donation today can make an immediate difference in protecting our planet. By supporting WWF, you will be directly contributing to conservation efforts that save wildlife and mitigate the effects of human activities on the environment.', 'timestamp': {'$date': '2024-08-31T08:15:50.326Z'}}, {'frontend_id': 'version_sbtwi', 'text': ""The impact of humans on the environment is a multifaceted issue with far-reaching consequences. By donating to WWF, you can be the voice for the voiceless and make an immediate difference in saving wildlife that's facing extinction due to human activities like deforestation and species loss, which are happening at a rate 10-20 times faster than the average over the past 65 million years."", 'timestamp': {'$date': '2024-08-31T08:15:50.33Z'}}, {'frontend_id': 'version_lYVfd', 'text': ""The impact of humans on the environment is a multifaceted issue with far-reaching consequences. By supporting WWF through your donation, you directly contribute to saving endangered species and preserving biodiversity, making an immediate positive impact on the planet's fragile ecosystem."", 'timestamp': {'$date': '2024-08-31T08:15:50.336Z'}}, {'frontend_id': 'version_GgeDl', 'text': ""Over 80% of the world's population lives in areas with significant biodiversity loss, resulting in a staggering species extinction rate of around 10-20 times faster than the average over the past 65 million years, which translates to approximately 150 to 300 species per million species per year. This alarming decline has severe implications for ecosystems, leading to an estimated 1 billion people facing water scarcity, 3 billion at risk from climate-related disasters, and 10% of global GDP lost annually due to environmental degradation."", 'timestamp': {'$date': '2024-08-31T08:15:50.345Z'}}], 'timestamp': {'$date': '2024-08-31T08:14:18.789Z'}}]",{'$date': '2024-08-31T08:11:37.866Z'},main_task_1,66c4bf63b1a17722e858f07e,66c994e78d5b3da79c6cc853,"Over 80% of the world's population lives in areas with significant biodiversity loss, resulting in a staggering species extinction rate of around 10-20 times faster than the average over the past 65 million years, which translates to approximately 150 to 300 species per million species per year. This alarming decline has severe implications for ecosystems and for the animals living in them, but you can help. Give to WWF to save the wildlife and save the planet. 
 ",77
66d2ccdb3ef557a33f96df8e,"<p>Ahora escribe tu anuncio de caridad aqu&iacute; (puedes eliminar este texto)</p>
<p class=""llmparagraph id0""><span class=""chunk factor_4Lmnt"" style=""background-color: #ffe6ff;"">La realidad es devastadora, la biodiversidad en nuestro planeta ha experimentado un declive alarmante en los &uacute;ltimos a&ntilde;os. Si no tomamos medidas urgentes para proteger nuestros ecosistemas y especies, las consecuencias a largo plazo ser&aacute;n desastrosas, incluyendo la p&eacute;rdida de fuentes de medicamentos naturales, la erosi&oacute;n de la biodiversidad y el impacto irreparable en la salud humana. S</span><span class=""Y2IQFc"" lang=""es"">&eacute;</span><span id=""chunk_YhFGU"" class=""chunk factor_4Lmnt"" style=""background-color: #ffe6ff;""> la voz de los sin voz de nuestro mundo. Apoye a WWF hoy.&nbsp;</span></p>
<pre id=""tw-target-text"" class=""tw-data-text tw-text-large tw-ta"" dir=""ltr"" data-placeholder=""Translation"" aria-label=""Translated text"" data-ved=""2ahUKEwjIt7Wm4Z6IAxVHSUEAHbEbFL0Q3ewLegQIBxAU""></pre>
<p>&nbsp;</p>
<pre id=""tw-target-text"" class=""tw-data-text tw-text-large tw-ta"" dir=""ltr"" data-placeholder=""Translation"" aria-label=""Translated text"" data-ved=""2ahUKEwjIt7Wm4Z6IAxVHSUEAHbEbFL0Q3ewLegQIBxAU""></pre>",,"[{'frontend_id': 'chunk_YhFGU', 'versions': [{'frontend_id': 'version_OWGON', 'text': 'La realidad es devastadora, la biodiversidad en nuestro planeta ha experimentado un declive alarmante en los últimos años. Los ecosistemas naturales están siendo destruidos a una velocidad vertiginosa, y con ellos, las especies que los habitan. La deforestación, la contaminación, el cambio climático y la sobreexplotación de recursos son solo algunas de las causas principales responsables de esta tragedia.En efecto, según informes recientes, más del 30% de todas las especies animal y vegetal en nuestro planeta están en peligro de extinción. La pérdida de biodiversidad es un tema grave que afecta no solo a los ecosistemas naturales, sino también a la salud humana y al bienestar económico. Es hora de tomar acción para revertir esta tendencia destructiva antes de que sea demasiado tarde.', 'timestamp': {'$date': '2024-08-31T08:02:31.919Z'}}, {'frontend_id': 'version_C7EVY', 'text': ' la voz de los sin voz de nuestro mundo. Apoye a WWF hoy.&nbsp;', 'timestamp': {'$date': '2024-08-31T08:02:44.289Z'}}], 'timestamp': {'$date': '2024-08-31T08:02:31.919Z'}}]",{'$date': '2024-08-31T07:57:15.339Z'},main_task_2,66c4bf63b1a17722e858f07e,66c994e78d5b3da79c6cc853,"Ahora escribe tu anuncio de caridad aquí (puedes eliminar este texto)
La realidad es devastadora, la biodiversidad en nuestro planeta ha experimentado un declive alarmante en los últimos años. Si no tomamos medidas urgentes para proteger nuestros ecosistemas y especies, las consecuencias a largo plazo serán desastrosas, incluyendo la pérdida de fuentes de medicamentos naturales, la erosión de la biodiversidad y el impacto irreparable en la salud humana. Sé la voz de los sin voz de nuestro mundo. Apoye a WWF hoy. 

 
",82
